TEAM,POS,CUSH,SEP,TAY,TAY%,REC,TAR,CTCH%,YDS,TD,YAC/R,xYAC/R,+/-,
NFC,WR,6.5,3.6,8.4,31.32,145,191,75.92,1947,16,6.2,4.8,1.3,
NFC,WR,5.7,3,12.3,45.27,108,167,64.67,1616,10,4.7,4,0.8,
NFC,WR,5.3,2.9,9.1,35.27,123,169,72.78,1553,11,5.4,4.8,0.6,
AFC,WR,5,2.3,12.7,37.38,81,128,63.28,1455,13,8.3,3.9,4.4,
NFC,WR,6.7,3.3,8.7,26.61,77,121,63.64,1397,6,10.4,5.2,5.2,
AFC,TE,6.4,3.1,10.5,30.51,107,153,69.93,1361,9,4.5,3.9,0.6,
AFC,WR,6.1,3.6,10.4,35.5,111,159,69.81,1239,9,4.1,3.8,0.3,
AFC,WR,5.1,2.7,11.6,35.43,103,164,62.8,1225,10,3.3,3,0.2,
SEA,WR,7,3.2,14.9,35.58,73,107,68.22,1175,8,4.2,3.9,0.2,
AFC,WR,4.6,3.2,8.4,32.44,107,169,63.31,1161,8,5.1,5.1,0,
CAR,WR,5.6,2.7,10.6,40.21,93,163,57.06,1157,4,5,4.6,0.4,
LAC,WR,5.3,2.5,11.6,29.63,76,129,58.91,1146,9,5.9,4.4,1.4,
AFC,WR,6,3.1,8.5,26.64,106,157,67.52,1138,6,3.4,3.8,-0.4,
AFC,TE,5.5,3.3,7.2,20.57,92,134,68.66,1125,9,6.4,4.8,1.6,
TB,WR,6.3,3.3,7.3,16.17,98,127,77.17,1103,5,6.3,5.4,0.9,
DAL,WR,6.3,3.1,10.6,24.81,79,120,65.83,1102,6,5.7,3.6,2,
CIN,WR,6,2.3,12.1,30.52,74,110,67.27,1091,6,4,2.9,1.1,
IND,WR,6.3,2.8,9.7,31.24,88,129,68.22,1082,6,4.1,3.8,0.3,
CHI,WR,7.1,2.9,11.3,36.48,81,140,57.86,1055,4,5.1,4.1,1,
WAS,WR,5.6,2.5,13.4,41.7,77,130,59.23,1053,5,4.1,3.3,0.9,
LV,WR,6.6,3.4,6.5,17.23,103,128,80.47,1038,9,4.6,4.6,0,
NFC,WR,4.9,2.7,13.1,26.22,74,114,64.91,1035,14,3.6,3.6,-0.1,
HOU,WR,6.4,3.3,10.6,36.72,90,134,67.16,1028,6,3.9,3.6,0.3,
NFC,TE,5.9,2.3,10.5,28.46,68,110,61.82,1026,1,5.2,3.8,1.5,
MIA,WR,6.5,3.3,6.8,21.99,104,140,74.29,1015,6,4.6,4.2,0.3,
BAL,WR,7.7,3.5,11.5,31.93,91,146,62.33,1008,6,4.3,4.6,-0.2,
ARI,WR,6,3.3,11.4,27.87,77,103,74.76,982,5,3.3,4.1,-0.8,
SEA,WR,6.3,2.6,12.7,36.71,75,129,58.14,967,12,4.6,2.9,1.6,
PHI,WR,6.1,2.3,14.8,38.05,64,104,61.54,916,5,2.9,2.7,0.3,
DET,WR,6.7,3.5,7.2,23.04,90,119,75.63,912,5,4.8,4.1,0.7,
NFC,TE,5.8,3.1,7.8,18.58,71,94,75.53,910,6,6.7,4.8,1.9,
TEN,WR,6.1,2.7,12,32.11,63,105,60,869,5,3.7,3.5,0.2,
NE,WR,5.4,2.8,9.6,28.51,83,126,65.87,866,2,3,3.3,-0.4,
DAL,WR,6.8,2.5,11.2,22.75,68,104,65.38,865,8,3.7,3.4,0.3,
ARI,WR,6.1,2.5,12.4,26.96,54,92,58.7,848,3,4,3.5,0.5,
PIT,WR,5.1,2.4,11.3,27.22,59,105,56.19,848,2,5.4,4,1.4,
JAX,WR,6.1,2.5,12.8,32.67,73,120,60.83,832,4,1.8,2.6,-0.8,
PHI,TE,6,3.6,8.2,15.45,56,76,73.68,830,4,7.1,5.4,1.7,
CIN,WR,6.3,3.2,8,17.31,67,94,71.28,828,5,5.9,5.2,0.7,
SF,WR,5.5,2.9,9.9,21.11,56,84,66.67,826,5,6.7,4.2,2.5,
DAL,TE,5.4,3.5,6.9,13.96,78,104,75,808,8,4.7,4.4,0.2,
LAR,WR,6.1,2.5,13.6,23.73,50,89,56.18,802,6,4.7,4.6,0,
TB,TE,4.8,3.4,9.7,15.14,55,89,61.8,802,6,6.9,5.8,1.2,
NE,WR,6.4,3.3,8.5,13.99,55,70,78.57,800,5,7.1,4.4,2.7,
MIA,TE,6.5,2.8,8.7,22.52,73,112,65.18,780,2,3.5,3.9,-0.4,
DEN,WR,5.2,2.6,15.4,34.5,58,98,59.18,776,2,2.5,3,-0.5,
ATL,WR,6.1,3.1,9.5,22.04,66,94,70.21,771,4,4.1,3.7,0.4,
ARI,TE,6,3.2,7.7,21.17,74,112,66.07,763,5,4.8,4.7,0.1,
DEN,WR,6,2.8,12,23.24,53,85,62.35,734,5,4.1,3.1,1.1,
MIN,WR,6.1,3.1,9.7,20.34,67,95,70.53,726,10,3.8,3.6,0.1,
NO,WR,5.8,2.8,12.9,28.63,46,84,54.76,698,6,3.1,2.7,0.4,
KC,WR,6.8,4.1,7.2,12.76,59,83,71.08,693,2,8.8,6.5,2.2,
BUF,WR,6.8,3.9,5.3,11.15,82,112,73.21,693,1,4,4.4,-0.5,
DEN,TE,5.9,4.1,6,12.38,68,90,75.56,670,4,5,4.6,0.4,
LV,TE,6.2,2.9,10,19.18,55,93,59.14,665,2,4.9,4.4,0.5,
MIN,WR,5.6,2.8,10.5,18.9,50,82,60.98,655,7,3.9,3.4,0.5,
PHI,WR,6,3.4,12.3,18.86,43,62,69.35,647,1,6,4.2,1.8,
BUF,WR,5.7,2.9,15,20.21,42,72,58.33,626,4,2.6,2.7,-0.1,
JAX,WR,6.7,3.6,5.7,12.11,63,100,63,619,0,6.6,4.8,1.7,
CHI,TE,5.4,3.3,7.5,16.09,60,93,64.52,612,0,4.7,4.1,0.6,
NE,TE,5.7,2.7,9.9,17.52,50,75,66.67,603,9,3.4,3.7,-0.3,
DAL,WR,6.3,3.5,9.5,11.26,45,61,73.77,602,6,6.2,5,1.2,
CLE,WR,5.7,2.1,15,21.26,34,58,58.62,597,3,4.9,3.6,1.3,
MIN,TE,5.3,3.5,5.6,10.63,61,87,70.11,593,3,5.6,5.7,-0.1,
BUF,TE,5.3,4,7.2,9.51,49,71,69.01,587,9,6.1,5.3,0.8,
DET,TE,6.2,2.8,7.5,16.87,61,84,72.62,583,4,3.6,3.5,0,
DET,WR,6.8,3.7,10,19.1,48,71,67.61,576,4,6,5.4,0.6,
ARI,WR,5.3,2.8,12.6,19.15,42,64,65.63,572,8,3.5,2.9,0.5,
NO,WR,7.2,3.6,10.4,16.19,36,59,61.02,570,3,6.9,5.6,1.3,
CLE,WR,6.1,3,8.2,17.49,52,87,59.77,570,2,5.3,4.8,0.4,
KC,WR,5.3,4.1,10.7,13.85,42,60,70,568,5,4.8,4,0.8,
LAC,TE,6,2.8,8.7,14.32,48,83,57.83,564,4,5.3,4.7,0.6,
LAR,TE,6,3.1,5.3,8.85,61,85,71.76,560,5,4.8,5.7,-0.9,
LV,WR,5.1,2,14.1,16.83,33,58,56.9,559,3,6.2,3.6,2.5,
LAR,WR,6.2,3.8,8.5,11.47,45,69,65.22,556,4,4.8,4.7,0,
BUF,WR,5.3,2.6,14.1,16.62,35,63,55.56,549,6,4,3.6,0.4,
LV,WR,7.1,3.3,13.9,19.94,47,70,67.14,546,1,3.9,2.7,1.2,
TB,WR,6.3,3.4,11.2,12.12,42,62,67.74,545,4,4.9,4.3,0.6,
NYJ,WR,5.9,3.4,11.9,21.46,43,77,55.84,538,5,5.1,4.7,0.4,
LAR,WR,6.3,2.6,13.2,21.12,44,82,53.66,537,5,3.7,3.7,0,
NYG,WR,6,1.7,13.7,25.02,37,76,48.68,521,0,3.2,3.4,-0.2,
CAR,WR,7,2.8,10.9,27.99,53,110,48.18,519,5,2.9,3.5,-0.5,
BAL,WR,6.9,2.7,9.2,11.89,46,68,67.65,515,1,3.9,3.3,0.6,
MIA,WR,5.2,1.7,11.8,20,40,73,54.79,515,2,3.2,2.6,0.6,
GB,WR,5.8,2.6,10.9,15.06,40,60,66.67,513,8,5.2,4.6,0.6,
PIT,TE,5.5,3.3,5.8,10.53,60,79,75.95,497,7,4.2,3.2,1,
CIN,TE,6.3,3.7,4.6,6.61,49,63,77.78,493,5,6.2,4.4,1.8,
NYJ,WR,6.8,2.7,13.1,18.07,34,59,57.63,492,4,3.6,2.6,1,
SEA,TE,6.7,4.1,5.5,7.68,48,63,76.19,478,4,5.3,4.5,0.8,
TEN,WR,5.3,2.7,10.4,15.01,38,57,66.67,476,4,4.2,4.2,0,
CLE,TE,4.7,3,8.4,10.83,36,53,67.92,475,4,7.2,6.1,1.1,
NE,WR,4.8,2.6,14.5,21.93,37,64,57.81,473,3,2.8,3.1,-0.3,
DEN,WR,6.4,3.6,10.4,13.28,38,56,67.86,467,0,5.1,4,1,
NYJ,WR,5.6,2.7,13.7,16.3,28,51,54.9,449,1,3.2,2,1.2,
LAC,WR,7,3.4,11,10.5,31,48,64.58,448,3,4.8,4,0.9,
HOU,WR,5.3,2.4,11.3,17.52,33,60,55,448,1,3.7,3.4,0.3,
NYJ,WR,6.4,3.4,6,9.94,51,71,71.83,447,2,3.4,3.3,0.1,
DAL,WR,5.3,2.4,11.9,14.35,35,62,56.45,445,2,3.8,3.4,0.5,
ARI,WR,8,5.7,1.1,1.68,54,64,84.38,435,1,8.4,6.8,1.5,
JAX,WR,5.6,2.9,12.3,13.34,33,51,64.71,434,1,3.8,3.1,0.6,
TEN,WR,5.5,2.4,12.1,14.71,31,48,64.58,434,1,3.9,2.9,1,
GB,WR,5.9,2.4,17.1,21.65,26,55,47.27,430,3,6,5.1,0.9,
NYG,WR,7.1,3.4,6.7,9.18,39,57,68.42,420,0,6.1,4.5,1.6,
CHI,WR,7.1,1.9,11.3,17.27,38,66,57.58,410,1,2.6,3,-0.3,
NYJ,WR,6.6,4.1,4.7,7.21,46,65,70.77,409,2,5.6,5.1,0.5,
NYG,TE,6.3,3.3,5,8.86,46,73,63.01,408,3,4.4,4.6,-0.2,
JAX,TE,5.8,3.4,6.6,7.33,35,52,67.31,408,0,5.6,4.8,0.9,
ATL,WR,6.5,2.5,9.7,12.63,31,53,58.49,406,3,3.1,2.6,0.4,
DET,WR,5.9,2.7,13.8,18.15,29,49,59.18,396,2,4.1,3.2,0.9,
BAL,WR,5.9,3.1,12.7,11.83,27,49,55.1,394,1,4.5,3.9,0.6,
IND,WR,6.1,3.2,9.4,16.22,38,69,55.07,384,3,3.3,3.4,-0.1,
WAS,WR,6.7,3.2,7.1,10.59,41,62,66.13,383,0,3.9,4.3,-0.4,
NO,WR,6.6,2.4,9.9,13.15,32,50,64,377,3,3.7,2.8,0.9,
NYG,WR,7.7,2.6,8,10.18,36,53,67.92,366,1,3.3,3.5,-0.3,
TB,WR,5.9,2.9,8,7.71,36,55,65.45,360,0,4.1,3.4,0.7,
LAC,WR,5.3,2.5,10.1,9.82,33,49,67.35,353,4,3,3,0,
CLE,TE,4.6,2.8,5.4,8.07,38,61,62.3,345,3,5.2,4.8,0.4,
NYG,WR,6.8,3,13.5,18.77,26,58,44.83,339,2,2.6,3,-0.4,
IND,TE,5.3,3.3,10.4,11.72,24,45,53.33,316,4,6.5,4.8,1.7,
PHI,WR,6.7,2.9,10.1,14.14,33,57,57.89,299,2,4.4,4.8,-0.4,
NE,TE,5.4,4,5.3,5.59,28,45,62.22,294,1,8.7,6.7,2,
ATL,WR,5.9,3,9.9,12.71,31,52,59.62,281,2,3.1,3.5,-0.4,
PIT,WR,5.5,3.1,6.2,9.36,39,66,59.09,277,0,3.1,3.4,-0.3,
CLE,WR,6.3,2.8,11.7,13.46,24,47,51.06,275,1,1.8,2.2,-0.5,
AFC,WR,7.9,3.7,6.9,6.17,33,47,70.21,272,2,4.5,4.7,-0.2,
WAS,TE,6.5,3.5,6.4,7.47,30,49,61.22,271,2,4.9,4.7,0.2,
TB,TE,6.8,2.6,7.7,7.65,30,57,52.63,245,4,2.9,3.6,-0.7,
BUF,WR,5.5,3,10.2,33.51,127,166,76.51,1535,8,3.7,3.5,0.1,
KC,TE,5.4,3,8.7,25.28,105,145,72.41,1416,11,5.8,4.9,1,
ARI,WR,6.3,3.1,9,33.21,115,160,71.88,1407,6,4.7,3.6,1,
MIN,WR,5.8,2.6,11.5,35.64,88,125,70.4,1400,7,5.3,3.4,1.9,
ATL,WR,6.1,2.9,14.9,38.89,90,143,62.94,1374,9,3.1,3,0,
GB,WR,5,3.2,9.1,33.47,115,149,77.18,1374,18,5.3,5.2,0.1,
SEA,WR,5.4,2.6,13.6,37.99,83,129,64.34,1303,10,4.7,3.2,1.6,
KC,WR,5.6,3.4,13.2,35.59,87,135,64.44,1276,15,5.2,4.2,1,
CHI,WR,5.6,2.3,9.5,30.5,102,151,67.55,1250,6,3.6,3.3,0.4,
LV,TE,5.8,3,7.9,26.33,107,145,73.79,1196,9,5.7,4.9,0.8,
CAR,WR,6,2.5,13.4,39.57,66,118,55.93,1193,4,6.1,4.2,1.8,
HOU,WR,6.7,3,12,30.35,81,119,68.07,1143,6,4.3,3.7,0.6,
WAS,WR,5.2,2.8,9.6,35.63,87,134,64.93,1118,4,5.8,4.1,1.7,
DAL,WR,6.6,2.5,9.1,25.38,92,130,70.77,1114,5,4.6,3.7,0.9,
CAR,WR,6.4,2.9,9.6,32.64,95,136,69.85,1093,3,5.5,4.8,0.7,
TEN,WR,5.4,2.4,11.3,30.6,70,106,66.04,1075,11,6.2,3.6,2.6,
SEA,WR,6.2,3.4,10,28.61,100,132,75.76,1054,10,3.5,4,-0.6,
TB,WR,5.2,2.8,12.8,24.84,70,109,64.22,1006,13,3.8,3.6,0.2,
LAC,WR,5.7,2.9,7.2,22.63,100,147,68.03,992,8,4.7,4.7,0,
TEN,WR,6.8,2.4,12.3,28.84,65,92,70.65,984,5,4.5,4,0.5,
DET,WR,6.7,2.5,12.9,29.74,76,115,66.09,978,9,2.8,2.5,0.3,
LAR,WR,6.3,3.2,6.3,20.57,92,124,74.19,974,3,5.8,4.4,1.4,
BUF,WR,6.2,3.5,7.9,16.6,82,107,76.64,967,4,4.5,4.7,-0.2,
LAR,WR,6.9,3.4,7.1,23.93,90,129,69.77,936,6,5.7,5.7,0,
DAL,WR,5.9,3,9.4,22.3,74,111,66.67,935,5,4.6,4.6,-0.1,
MIN,WR,6.2,2.7,12.1,32.51,74,108,68.52,925,14,3.2,2.9,0.3,
PIT,WR,5.4,3.2,8.1,24.43,88,144,61.11,923,7,4.6,4.3,0.3,
CIN,WR,6.4,2.5,12,27.29,67,108,62.04,908,6,4.6,3.2,1.4,
LV,WR,5.2,2.4,15.3,28.97,48,82,58.54,896,8,5.3,4.2,1.1,
HOU,WR,5.1,3,12.5,19.95,53,75,70.67,879,8,5.9,5,0.9,
PIT,WR,5.7,2.5,13.3,30.56,62,109,56.88,859,9,5.2,3.4,1.8,
DEN,WR,5.1,2.7,13.9,31.14,52,113,46.02,856,3,5.5,4.1,1.4,
CAR,WR,6.8,3.5,7.1,17.13,77,97,79.38,851,3,4.6,4.8,-0.2,
DAL,WR,5.6,2.7,12.1,27.28,59,105,56.19,843,5,4.5,3.3,1.2,
CIN,WR,5.9,2.7,8.6,19.89,79,110,71.82,841,4,4.8,3.5,1.2,
TB,WR,6.4,3,9.8,14.69,65,84,77.38,840,7,4.8,4.1,0.7,
CLE,WR,6.3,3.2,8.8,21.15,72,101,71.29,840,3,4.9,4.2,0.7,
PIT,WR,6.1,3.1,5.8,15.72,97,128,75.78,831,9,4.4,4.1,0.3,
MIA,WR,4.8,1.7,10.3,25.01,63,103,61.17,793,4,3,2.2,0.7,
ATL,WR,5.5,2.8,8.8,17.53,72,109,66.06,786,4,4.1,4.1,0,
ATL,WR,6.2,2.7,11.7,14.58,51,68,75,771,3,4.7,3.3,1.4,
BAL,WR,7.5,3.3,13.7,39.3,58,100,58,769,8,4.8,3.9,0.9,
IND,WR,5.2,2.5,12.7,29.63,56,93,60.22,762,5,3.6,3.4,0.2,
LAC,WR,5.5,2.1,15.1,27.24,48,85,56.47,756,5,3.4,2.7,0.8,
NYG,WR,5.4,2.3,14.1,34.44,50,96,52.08,751,3,3.2,2.9,0.3,
SF,WR,5.5,2.8,9.7,24.62,60,96,62.5,748,5,4.9,4.1,0.8,
DEN,WR,5.7,2.6,12.5,19.5,51,79,64.56,742,6,5,3.9,1.1,
NE,WR,6.3,3.4,10.3,28.3,59,81,72.84,729,0,3.8,3.9,-0.1,
NO,WR,6.6,3.1,9.4,23.5,61,82,74.39,726,5,2.9,3.3,-0.4,
DET,TE,5.7,3.3,7.2,14.55,67,101,66.34,723,6,5.1,5.3,-0.3,
JAX,WR,5.6,2.3,14.2,27.48,53,93,56.99,706,5,3.3,2.9,0.4,
MIA,TE,5.9,2,11.1,22.26,53,85,62.35,703,6,3.8,3.3,0.4,
BAL,TE,5.6,2.6,10.4,26.22,58,88,65.91,701,7,3.4,3.3,0,
NYJ,WR,6,3.1,7.5,16.53,59,89,66.29,699,6,5.6,4.3,1.3,
GB,WR,5.5,3.1,18,28.07,33,63,52.38,690,6,7.6,6.4,1.2,
DEN,TE,6.2,3.5,6.9,12.76,62,93,66.67,673,3,6.1,4.9,1.3,
WAS,TE,5.8,2.9,7.3,22.24,72,110,65.45,670,6,4.1,3.4,0.7,
SF,WR,6.2,2.8,9.6,18.94,49,74,66.22,667,2,4.5,3.5,1.1,
LV,WR,6.6,3.5,6.8,12.14,56,77,72.73,656,2,6.5,5.7,0.8,
NYG,WR,6.5,3,8.2,18.74,66,90,73.33,656,3,3.2,3.5,-0.3,
NYG,TE,6.3,2.9,7.1,19.73,63,109,57.8,654,1,4.7,3.8,0.9,
JAX,WR,6.6,3.3,11.4,20.83,55,88,62.5,642,5,3.5,3.1,0.4,
SF,TE,5.7,3.9,6.9,11.57,48,63,76.19,634,2,6.6,4.4,2.3,
CHI,WR,7.6,3.2,11.7,24.45,61,98,62.24,631,4,4.4,3.9,0.5,
IND,WR,5.8,2.9,10.9,19.5,44,71,61.97,629,5,5.6,4.7,0.9,
TB,TE,5,2.7,11.5,15.83,45,77,58.44,623,7,5.8,5,0.9,
ARI,WR,6.2,3.5,12,21.89,48,79,60.76,621,6,3.9,4.3,-0.4,
LAR,WR,5.3,2.5,10.8,22.89,52,81,64.2,618,2,4.2,4.1,0.1,
DAL,TE,6.6,3.1,6.7,12.85,63,89,70.79,615,4,4.5,3.5,1,
LAC,TE,5.2,2.5,8.3,16.38,60,93,64.52,613,4,4.2,3.4,0.8,
NE,WR,5.8,3,11.9,30.99,47,77,61.04,604,1,3.5,4.3,-0.8,
DET,WR,6.7,3.4,8.3,11.52,46,69,66.67,602,0,6.6,5.4,1.2,
JAX,WR,7.1,3.3,6.4,10.52,58,79,73.42,600,5,5.2,4.1,1.1,
BUF,WR,6.3,3.2,15.9,19.43,35,62,56.45,599,7,3.9,3.7,0.2,
CLE,WR,4.8,2.8,14.4,17.81,37,52,71.15,599,4,2.5,2.7,-0.2,
GB,TE,6.2,4.2,7.9,11.48,52,59,88.14,586,11,4.5,5.9,-1.4,
ATL,TE,6.6,3.4,6.7,10.77,56,88,63.64,571,6,4.8,5.2,-0.4,
KC,WR,6.3,3.4,10.6,13.05,41,62,66.13,560,4,7.2,6.4,0.8,
PIT,TE,6.5,3,7.6,14.62,56,91,61.54,558,5,3.6,3.7,0,
PHI,WR,6,2.5,13.1,16.84,38,67,56.72,539,4,2.9,2.4,0.5,
PHI,TE,6.4,2.9,8.8,10.96,46,65,70.77,524,3,4.5,4.1,0.4,
CIN,WR,5.3,1.7,13.9,30.33,47,104,45.19,523,2,2.1,1.9,0.2,
LAR,TE,5.6,3.1,7.6,11.96,44,60,73.33,521,5,5.8,4.2,1.6,
LAC,WR,6.2,3.1,16.4,19.19,28,55,50.91,511,3,6.8,4.9,1.8,
NYJ,WR,5.9,2.6,15.6,22.99,30,60,50,505,3,5.7,4.7,0.9,
NO,TE,6.3,2.2,11.7,21.53,37,60,61.67,504,7,3.3,2,1.3,
IND,WR,6.3,3.2,8.5,13.02,40,61,65.57,503,1,7.1,5.8,1.2,
TB,WR,6.2,3.4,15.3,14.49,33,53,62.26,501,3,3.8,4.1,-0.3,
CHI,WR,5.5,3,9.6,15.55,49,76,64.47,485,2,3.2,3.8,-0.7,
TB,WR,6.3,3.2,8.8,9.7,45,62,72.58,483,4,5.7,5.3,0.5,
WAS,WR,7,3.5,10.9,14.56,32,48,66.67,477,1,8.1,6.5,1.6,
JAX,WR,5.7,2.8,10.8,14.17,40,63,63.49,471,2,4.7,3.5,1.2,
KC,WR,6.6,4.2,9.6,11.27,45,59,76.27,466,3,3.9,3.6,0.3,
BUF,WR,4.7,3.3,12.8,13.16,33,52,63.46,458,3,5.1,4.4,0.7,
CHI,TE,5.8,3,7.1,11.47,50,76,65.79,456,8,4.1,4,0.2,
LV,WR,7,3.3,16.9,16.76,26,43,60.47,452,2,6,5.8,0.2,
GB,WR,6.2,3.7,10.2,11.58,33,46,71.74,451,3,6.1,6.4,-0.3,
NO,WR,6.7,3.5,9.5,14.57,34,50,68,448,4,3.9,2.8,1,
TEN,TE,5.7,3.3,5.7,9.42,41,65,63.08,448,8,6.3,4.8,1.4,
HOU,WR,6.5,2.9,7,7.1,38,48,79.17,441,3,4.7,4.7,0,
ARI,TE,6.3,3.9,12.6,13.13,31,45,68.89,438,4,5.8,5.3,0.5,
NO,WR,5.1,2.5,9.6,16.25,40,55,72.73,438,0,2.1,2.4,-0.3,
CLE,TE,5.3,3,7.1,11.77,46,70,65.71,435,4,3.8,5.3,-1.5,
BAL,WR,6.2,3.2,8.6,11.85,33,48,68.75,432,3,6,4.5,1.5,
KC,WR,5.5,3.6,8.1,8.85,37,55,67.27,421,2,4.5,4.9,-0.4,
PHI,WR,5.8,3.5,6.1,9.21,53,79,67.09,419,6,3,3.7,-0.7,
SEA,WR,6.7,4.1,9.3,9.44,35,47,74.47,417,6,5.2,4.9,0.2,
LAR,TE,5.7,3.6,6.3,10.25,41,62,66.13,417,1,6,5,1,
ARI,WR,6.1,3.3,5.9,9.86,54,72,75,409,1,3.6,3.6,-0.1,
HOU,TE,5.3,3.7,7.8,8.07,37,49,75.51,403,1,4.8,3.6,1.2,
PHI,WR,6.5,3.3,13.9,14.39,31,54,57.41,396,1,5.6,5.7,-0.1,
NYJ,WR,7.1,3.4,7.7,10.43,37,55,67.27,394,3,6.2,5.6,0.6,
PIT,WR,5.7,2.3,13,15.33,30,56,53.57,392,5,4.6,3.3,1.3,
SF,WR,6.7,4.6,2.1,2.46,33,44,75,391,1,12.3,7.8,4.4,
NYG,WR,6.6,2.1,9.1,12.07,35,52,67.31,388,2,2.4,2.5,-0.1,
TEN,TE,6.4,2.4,7.2,9.69,39,53,73.58,387,1,3.7,3.1,0.6,
DEN,WR,6.1,3.2,11,12.22,30,56,53.57,381,3,4.4,3.6,0.9,
MIA,WR,6.6,3.1,10.1,12.86,36,54,66.67,373,1,4.8,3.6,1.2,
MIN,TE,4.7,3.1,8.2,8.74,30,43,69.77,365,5,4.4,4.1,0.4,
NYJ,WR,5,2.1,15.1,16.37,23,44,52.27,357,0,5,3.5,1.5,
JAX,TE,6.3,2.5,8.5,10.63,36,60,60,349,2,3.2,3,0.2,
CIN,TE,5.9,3.9,4.5,4.95,40,53,75.47,349,1,5.2,4.8,0.4,
PHI,TE,5.9,3,7.3,10.17,36,72,50,335,1,2.9,3.2,-0.3,
CLE,WR,5.2,2.6,14.2,14.59,23,43,53.49,319,3,1.8,2,-0.2,
NE,WR,6,2.9,8.2,15.78,33,57,57.89,309,2,3.3,2.9,0.5,
DEN,WR,6.1,2.8,13.8,12.05,23,44,52.27,293,2,4,4.2,-0.3,
BUF,TE,4.9,4,8.3,7.19,24,44,54.55,288,3,7.2,6.1,1.1,
NYJ,TE,6.1,3.6,6.8,7.52,31,45,68.89,287,3,4.5,4.5,0,
MIA,WR,5.6,2.8,9.2,9.55,28,44,63.64,276,0,2.9,2.8,0.1,
IND,TE,6.2,3.3,7.5,8.86,28,47,59.57,250,3,3.2,3.3,-0.1,
CHI,TE,6.4,3.6,6.2,5.76,28,44,63.64,243,2,5.5,5.2,0.3,
SF,TE,5.5,2.1,8.5,10.33,26,46,56.52,231,4,3.3,2.5,0.7,
NO,WR,5.2,2.6,8.1,41.34,149,185,80.54,1725,9,4.1,3.4,0.7,
ATL,WR,5.6,2.2,12.3,35.92,99,157,63.06,1394,6,3.7,2.8,0.8,
TB,WR,6.6,2.8,10.4,19.62,86,121,71.07,1333,9,7.1,4.6,2.4,
KC,TE,5.4,3.1,9.3,26.99,97,136,71.32,1229,5,4.5,3.8,0.7,
MIA,WR,5,2.1,13.8,33.12,72,128,56.25,1202,9,4.2,3.5,0.7,
LAC,WR,5.4,2.7,10,30.38,104,149,69.8,1199,6,3.7,3.6,0.1,
DET,WR,5.3,1.9,15.4,33.1,65,116,56.03,1190,11,4.9,4.2,0.7,
DAL,WR,5.4,2.6,12.8,27.98,79,119,66.39,1189,8,3.3,3.6,-0.4,
CAR,WR,5.3,2.6,11.1,30.19,87,135,64.44,1175,4,4.8,4,0.8,
CLE,WR,5.7,2.6,9.8,29.61,83,138,60.14,1174,6,5.5,3.9,1.7,
HOU,WR,5,2.7,10.3,33.96,104,150,69.33,1165,7,3.9,4,-0.1,
LAR,WR,6.3,3.4,7.2,20.36,94,134,70.15,1161,10,6,4.7,1.2,
TB,WR,5.3,2.4,15.3,28.24,67,118,56.78,1157,8,4.3,4,0.3,
CHI,WR,5.1,2.2,11.1,38.41,98,154,63.64,1147,7,3.1,3.3,-0.2,
LV,TE,5.4,3.1,7.2,25.96,90,117,76.92,1145,3,6.9,5.6,1.3,
LAR,WR,7.3,3.4,8.1,23.69,90,139,64.75,1134,2,6.7,5.6,1.1,
MIN,WR,4.6,2.5,14.9,40.01,63,94,67.02,1126,6,5.1,4.2,0.9,
NE,WR,5.7,2.8,9.2,31.74,100,153,65.36,1117,6,3.5,3.9,-0.3,
DEN,WR,5.1,2.5,11.8,43.44,72,124,58.06,1112,6,5.2,3.7,1.5,
DAL,WR,5.6,2.2,12.6,26.07,66,113,58.41,1107,6,5.4,3.8,1.5,
BUF,WR,4.6,2.4,14.2,36.14,72,115,62.61,1060,6,3.1,3,0.1,
SEA,WR,6.3,3.2,12.8,30.09,82,110,74.55,1057,8,4,4.7,-0.7,
SF,TE,5.2,3.3,5.7,20.19,85,107,79.44,1053,5,7.5,5.8,1.7,
TEN,WR,5,2.2,13.4,29.8,52,84,61.9,1051,8,8.8,4.1,4.7,
CIN,WR,5.5,2.6,9.2,28.46,90,148,60.81,1046,5,4.2,3.8,0.4,
CLE,WR,5.5,2.6,13.3,38.59,74,133,55.64,1035,4,4.6,3.8,0.8,
JAX,WR,6.5,2.8,11.9,32.7,73,118,61.86,1008,8,4.4,3.8,0.6,
LAC,WR,5.2,2,17.4,31.76,49,90,54.44,1001,2,4.8,3.4,1.3,
GB,WR,5.6,3.2,10,26.29,83,127,65.35,997,5,5,4.3,0.7,
WAS,WR,5.2,2.1,14.1,37.26,58,93,62.37,919,7,3.9,2.6,1.3,
PHI,TE,5.9,2.7,8.7,24.04,88,135,65.19,916,6,3.2,3.2,0.1,
SEA,WR,4.9,2.5,13.4,28.51,58,100,58,900,7,5,3.4,1.6,
ATL,WR,7.4,2.9,13.5,23.32,63,93,67.74,866,7,2.3,2.6,-0.2,
KC,WR,5.9,3.2,12.6,23.86,58,89,65.17,860,7,4.9,4.2,0.7,
BAL,TE,6.1,3,10.8,28.68,63,97,64.95,854,10,4.9,4.3,0.6,
SF,WR,5.1,2.5,10.8,34.1,65,96,67.71,853,5,3.9,4,-0.1,
NYJ,WR,6,3,7.9,24.13,78,122,63.93,833,6,4.7,3.9,0.8,
DAL,WR,6.2,3,9.5,14.48,55,83,66.27,828,3,6.2,4.9,1.3,
ARI,WR,6.2,3,7.5,21.62,75,109,68.81,804,4,5.1,4.5,0.6,
SF,WR,5.8,3.2,7.8,20.83,57,81,70.37,802,3,8.5,7.1,1.4,
ATL,TE,5.7,3.5,6.8,12.31,75,97,77.32,787,6,4.5,4.1,0.4,
DET,WR,6.5,2.1,13.2,22.17,62,91,68.13,779,9,2.2,2.3,-0.1,
NYJ,WR,4.3,2.2,15.3,36.73,52,96,54.17,779,5,3.8,3.5,0.3,
BUF,WR,6.1,3.2,7.6,17.92,67,106,63.21,778,6,5.3,4.8,0.5,
JAX,WR,5,2.3,14.3,29.96,47,90,52.22,775,5,5.4,3.9,1.5,
NYG,WR,4.8,2.2,14.5,25.01,48,84,57.14,740,8,4,3.2,0.8,
PIT,WR,6.2,2.5,15.6,33.03,44,80,55,735,3,4.8,3.5,1.3,
LAR,TE,6,3.7,6.5,12.12,69,89,77.53,734,3,6.1,5.8,0.3,
ARI,WR,6,3.5,9.5,27.13,68,108,62.96,709,3,4.4,4.5,-0.1,
NO,TE,4.9,2.3,10.9,19.39,43,65,66.15,705,9,6.1,4,2.1,
PIT,WR,6.1,3.6,9,21.87,59,92,64.13,680,5,5.1,4.6,0.4,
DET,WR,6.3,3,8.9,15.92,62,97,63.92,678,1,3.6,3.9,-0.2,
KC,WR,5.3,2.9,9.6,18.51,52,90,57.78,673,3,5.9,5.3,0.5,
NYG,WR,5.7,2.2,9.5,16.59,49,85,57.65,670,6,6.1,3.6,2.5,
HOU,WR,5.5,3,14,21.93,49,71,69.01,670,3,4.8,4.7,0.2,
JAX,WR,6.2,3.2,7,16.38,66,101,65.35,660,3,4.9,4.8,0.1,
CHI,WR,5.7,3.1,10.3,19.78,52,85,61.18,656,2,4.4,4.5,-0.1,
LAC,TE,5.5,2.6,10.2,15.78,55,76,72.37,652,5,3.3,3.4,-0.1,
LV,WR,5,2.6,13.5,26.57,42,64,65.63,651,6,5,4.5,0.5,
TB,WR,5.9,2.6,16.1,17.38,36,69,52.17,645,6,4.2,4.7,-0.5,
CAR,WR,5.8,2.6,14.5,30.58,54,105,51.43,627,6,2.9,3,0,
IND,WR,5.7,2.8,11.5,21.12,41,72,56.94,607,5,5.9,5.3,0.6,
PHI,TE,5.6,3,5.8,10.24,58,86,67.44,607,5,6.2,5.2,1,
LV,WR,6.7,3.5,6.6,14.39,49,71,69.01,605,4,6.8,4.8,2,
TEN,WR,7.2,2.7,12.3,22.32,43,69,62.32,601,2,4.9,3.3,1.6,
CAR,TE,5.2,2.8,8.8,14.42,52,82,63.41,597,2,4.4,4.7,-0.2,
BAL,WR,6.4,3,10.9,21.07,46,71,64.79,584,7,5.4,4.8,0.6,
LAR,WR,6.2,3.1,13.8,20.97,42,72,58.33,583,2,4.1,3.6,0.4,
NYG,WR,5.7,3.1,9.9,16.91,57,83,68.67,576,3,3.3,3.2,0.1,
CIN,WR,5.8,2.3,11.7,19.67,40,80,50,575,1,4,2.9,1.1,
MIA,TE,5.8,2.6,10.4,17.33,51,89,57.3,570,5,3.9,4,0,
DEN,TE,5.5,2.7,7.6,14.6,40,65,61.54,562,3,8.5,6.2,2.3,
HOU,WR,6.2,2.7,10.7,12.93,40,55,72.73,561,4,3.7,4.5,-0.8,
PIT,WR,4.9,2.4,9.6,17.74,42,70,60,552,3,6,4.3,1.7,
CIN,WR,6.6,2.7,8.8,14.41,43,78,55.13,529,0,5.6,4,1.6,
DAL,TE,5.7,3.3,6.5,9.92,63,83,75.9,529,4,2.8,2.8,0,
NE,WR,5.2,3.1,7.6,12.52,59,89,66.29,520,2,3.3,3.6,-0.4,
CIN,WR,5.8,2.9,14.9,17.56,28,56,50,506,3,7.4,5.6,1.9,
IND,WR,6.1,3,10.2,17.61,45,68,66.18,501,5,4.8,3.9,0.9,
PHI,WR,4.8,2.5,11.2,16.78,43,73,58.9,490,4,3.1,3.4,-0.3,
GB,WR,6.4,2.9,13.8,14.81,35,52,67.31,477,3,4.1,4.3,-0.2,
NYG,TE,5.9,3.1,6,8.36,44,68,64.71,467,3,6,4.5,1.4,
TB,TE,5,2.5,9.4,7.82,34,53,64.15,459,1,5,4.2,0.8,
GB,WR,5.7,2.6,16.6,19.27,26,56,46.43,452,2,5.9,3.9,2,
KC,WR,5.4,3.1,13.4,15.66,32,55,58.18,449,4,3.4,3.5,-0.1,
IND,TE,5.4,3.5,7.1,13.02,43,72,59.72,448,4,5.4,5.3,0,
GB,TE,5.6,3.9,9.2,11.45,38,60,63.33,447,3,6.8,6.2,0.6,
ATL,WR,5.8,3.2,7.1,9.73,49,74,66.22,446,1,3.5,3.3,0.2,
TEN,TE,5.9,3.7,4.8,5.62,35,44,79.55,439,3,8.4,4.6,3.8,
CIN,TE,5.4,2.4,8.4,11.16,43,63,68.25,436,3,2.9,2.7,0.2,
NYJ,WR,5.8,2.5,9.9,14.32,36,58,62.07,433,1,5.1,4.5,0.6,
MIA,WR,4.5,2.1,14.3,16.17,32,60,53.33,428,3,2.4,2.5,-0.1,
SEA,WR,5.4,2.4,11.4,11.41,27,47,57.45,426,1,6,5.5,0.5,
NO,WR,7,2.8,16.1,24.8,30,56,53.57,421,2,1.5,1.9,-0.3,
MIN,WR,6.4,3,12.7,17.42,30,48,62.5,418,6,4.2,3.7,0.5,
HOU,TE,5.8,3.4,7.2,8.71,36,55,65.45,418,2,7.1,5.2,1.9,
MIA,WR,6.3,3,11,9.71,32,47,68.09,416,2,3.5,4,-0.5,
LAR,TE,5.1,3,8.4,10.6,37,60,61.67,408,2,5,4.1,0.9,
NE,WR,5.3,2.9,13.9,16.96,29,54,53.7,397,5,3.2,4,-0.9,
BUF,TE,4.5,2.8,9.5,10.52,28,50,56,388,2,5.6,4.6,1,
IND,TE,5.8,3.2,9.4,12.38,31,52,59.62,375,3,5.4,4.4,1.1,
TEN,WR,5.5,2.9,7.2,8.93,37,47,78.72,374,2,3.5,3.8,-0.4,
DET,TE,5.8,2.3,8,8.7,32,59,54.24,367,2,6.4,5.6,0.8,
MIN,TE,5.6,3.4,7.1,9.72,39,48,81.25,367,6,5.2,4.6,0.5,
WAS,WR,6.4,2.4,11.4,14.15,30,44,68.18,365,0,3.4,2.8,0.6,
PHI,WR,5.9,3.4,10.8,15.28,39,69,56.52,363,3,3.9,3.7,0.2,
ARI,WR,5.7,3.2,9.7,11.84,32,46,69.57,359,1,4.9,3.9,1,
SF,WR,5.9,2.9,8.7,12.54,30,44,68.18,358,5,4.1,3.3,0.8,
CHI,WR,6,3.1,11.5,12.48,29,48,60.42,353,4,2.9,3.2,-0.3,
MIA,WR,6.9,3.5,5.2,6.02,43,62,69.35,351,1,4.3,4.3,0,
SEA,TE,6.8,3.5,5.8,7.3,41,59,69.49,349,3,4.4,4.3,0.1,
HOU,TE,5.1,2.9,5.5,5.77,34,48,70.83,341,7,5.3,4.3,1,
BAL,WR,5.5,3,8.5,10.72,31,46,67.39,339,5,4.7,2.6,2.1,
LAR,WR,6.3,2.7,11.3,10.18,21,43,48.84,326,1,6.9,5.3,1.6,
BAL,TE,6.2,3.6,5.9,6.91,31,43,72.09,321,2,5.2,5.1,0.1,
TB,TE,5.4,2.6,7.2,6.16,36,55,65.45,311,4,2.8,2.2,0.6,
WAS,WR,6.7,3.2,7.3,11.66,34,56,60.71,310,4,5,4.4,0.6,
DEN,WR,5.3,3.3,8.6,13.22,28,52,53.85,297,1,4.6,4.4,0.2,
CAR,WR,6.5,3,10.6,12.33,28,58,48.28,296,0,3.4,4,-0.6,
MIN,WR,6.5,2.5,10.6,13.63,31,45,68.89,294,3,2,2.4,-0.4,
MIN,TE,5.2,3,5.8,7.57,35,46,76.09,290,2,4,3.6,0.3,
GB,WR,5.7,3.3,8.1,9.25,34,55,61.82,287,2,3.7,3.5,0.1,
PIT,TE,5.2,3.8,4.6,6.75,38,55,69.09,273,3,4.7,3.9,0.9,
LV,WR,5.9,3,11.2,15.51,27,45,60,216,0,2.9,3.1,-0.2,
WAS,WR,6.6,2.6,7.1,9.45,26,47,55.32,198,1,2.5,3.1,-0.5,
ATL,WR,5.7,2.5,14,45.64,113,170,66.47,1677,8,4.2,3.2,1,
HOU,WR,4.9,2.5,11.9,44.04,115,163,70.55,1572,11,3.7,3.6,0,
TB,WR,5.7,2.1,15.7,32.78,86,138,62.32,1524,8,3.8,3,0.7,
KC,WR,5.9,3.1,14.8,38.43,87,137,63.5,1479,12,6.4,4.8,1.5,
NO,WR,4.6,2.7,7.7,30.27,125,147,85.03,1405,9,4.1,3.2,0.8,
GB,WR,4.8,3,11.3,33.97,111,169,65.68,1386,13,4.6,4.2,0.5,
PIT,WR,5.3,3,8.7,27.6,111,166,66.87,1383,7,6.1,4.8,1.3,
SF,TE,5.4,3.3,7.3,25.48,88,136,64.71,1377,5,10.2,7.3,2.9,
MIN,WR,5.8,2.9,9.6,32.75,113,153,73.86,1373,9,3.9,3.4,0.4,
KC,TE,5.6,2.9,8.9,25.31,103,150,68.67,1336,10,5.8,4.6,1.2,
PIT,WR,5,2.6,11.2,36.07,104,168,61.9,1297,15,5,4.1,1,
IND,WR,5.9,2.3,11.3,27.56,76,120,63.33,1270,6,6.2,5.4,0.8,
LAR,WR,6.4,3,11.3,29.86,86,130,66.15,1219,6,5.3,4.8,0.5,
LAR,WR,5.7,2.7,12.9,30.74,80,117,68.38,1204,5,4.5,4.5,0,
LAC,WR,5.3,2.7,8.8,29.75,97,136,71.32,1196,6,4.4,4.5,-0.1,
PHI,TE,6.1,3.2,7.3,25.8,116,156,74.36,1163,8,3.3,3.8,-0.5,
DET,WR,4.9,2.3,12.6,37.51,70,119,58.82,1063,5,5.4,4,1.4,
NYG,WR,6.2,3,11.5,33.3,77,124,62.1,1052,6,4.5,4.4,0.1,
CIN,WR,5.6,2.9,9.4,22.93,76,108,70.37,1028,7,5.8,5,0.8,
MIN,WR,5.9,2.7,8.9,29.54,102,149,68.46,1021,9,4.3,3.7,0.7,
DAL,WR,6,2.9,9.9,28.86,75,107,70.09,1005,7,5.7,3.8,2,
CLE,WR,5.7,3.3,10.8,30.45,81,149,54.36,976,4,3.8,3.6,0.3,
SEA,WR,6.6,3.3,13.5,24.44,57,70,81.43,965,10,4.2,3.7,0.5,
LV,TE,5.6,3,8,22.04,68,101,67.33,896,6,5.7,4.7,1,
TEN,WR,6.1,3.1,10.3,35.83,65,112,58.04,891,4,4.3,3.7,0.7,
NYG,WR,5.9,3.1,10.4,25.96,66,107,61.68,872,4,5.2,4.6,0.6,
DEN,WR,6.2,3.2,9.3,20.93,71,98,72.45,866,4,4.6,4.1,0.5,
NE,WR,6.2,3.3,7.7,19.16,74,108,68.52,850,6,5,4.7,0.3,
TB,WR,6.2,2.6,11.9,17.13,59,95,62.11,842,7,4.6,3.6,1,
PHI,WR,5.5,2.5,10.8,22.66,65,92,70.65,840,6,4.7,3.5,1.1,
ATL,WR,5.7,3,7.9,14.23,66,94,70.21,838,4,6.1,4.9,1.2,
ATL,WR,6.3,3.2,10,17.68,64,92,69.57,821,10,5.8,6,-0.2,
TB,WR,6.5,3.6,6.1,9.66,76,105,72.38,816,5,5.7,5.1,0.6,
PHI,WR,6.3,3,6.3,17.75,74,113,65.49,789,4,5.8,3.9,1.9,
CAR,WR,6.1,2.9,9,17.9,55,82,67.07,788,2,7.9,4.7,3.2,
TB,WR,7.3,2.7,19.1,21.42,41,74,55.41,774,4,4.6,4.3,0.3,
CHI,WR,5.5,2,11.9,25.02,55,94,58.51,754,4,4.5,3.3,1.2,
NYJ,WR,6.4,2.3,16.5,33.56,50,94,53.19,752,6,3.6,3.6,0,
IND,TE,5.8,3.4,9.9,21.99,66,110,60,750,13,3.9,3.8,0.1,
PHI,WR,6.2,3.4,10.5,23.08,64,97,65.98,743,4,6,5.2,0.8,
LV,WR,5.8,2.7,9,21.66,63,88,71.59,739,3,4.1,3.7,0.4,
NE,WR,4.7,2.1,14,22.9,41,71,57.75,737,4,7.1,4.1,3,
ARI,WR,6.3,2.3,9.6,27.1,69,112,61.61,734,6,3.2,2.5,0.7,
BAL,WR,5.7,2.3,16.3,34.22,42,97,43.3,717,5,4.1,3.5,0.6,
JAX,WR,6.1,3.5,8.5,23.08,66,101,65.35,715,5,5.7,4.6,1.1,
DEN,WR,4.6,2.2,14.4,27.59,42,84,50,704,4,4.4,3.6,0.9,
CIN,WR,4.4,2,12.7,22.16,46,77,59.74,694,6,4.3,3.7,0.6,
CHI,WR,7,3.5,11,23.01,67,93,72.04,688,2,3.6,3.8,-0.3,
NE,TE,6.1,2.6,12,19.97,47,72,65.28,682,3,4.6,4.2,0.4,
HOU,WR,5.9,3,10.4,21.12,59,89,66.29,677,5,4.9,4.2,0.7,
JAX,WR,5.9,2.2,12.8,30.88,48,89,53.93,672,3,5.1,3.3,1.8,
DAL,WR,5.9,2.9,7.4,16.16,65,87,74.71,672,3,3.4,3.9,-0.5,
LAC,WR,4.9,2.1,15.2,24.85,43,66,65.15,664,10,3,2.2,0.8,
ATL,TE,5.6,3.2,6.7,11.26,71,88,80.68,660,4,3.5,3.3,0.2,
LAC,WR,5.6,2.8,12.5,20.15,41,65,63.08,653,5,5.1,5.3,-0.2,
BUF,WR,6.2,2.8,12.7,25.93,56,102,54.9,652,7,2.6,2.3,0.2,
BAL,WR,5.4,3.1,8.3,17.05,62,95,65.26,651,1,4.8,4.6,0.3,
CLE,TE,5.6,3.1,8.5,14.2,56,88,63.64,639,4,6,4.2,1.8,
GB,TE,6.3,2.9,9.3,14.67,55,89,61.8,636,2,5.1,4.4,0.7,
MIN,TE,5.8,3.5,6.9,12.57,64,82,78.05,634,4,4,3.7,0.3,
SEA,WR,5.2,2.8,12.1,22.92,50,73,68.49,618,5,3.6,3.2,0.4,
PIT,TE,5.5,3.3,5.7,7.85,50,72,69.44,610,4,7.9,5.4,2.5,
BAL,WR,5.3,2.8,10.8,23.36,54,100,54,607,3,2.7,3.3,-0.6,
ARI,WR,6.2,2.7,9.8,16.73,43,68,63.24,590,3,5.4,4.4,1.1,
CLE,WR,5,2.6,13.7,20.54,43,79,54.43,586,5,5.8,4.6,1.2,
GB,WR,6.3,3.3,12.6,16.26,38,73,52.05,581,2,6.2,5.8,0.4,
NYG,TE,6.1,4.4,5.1,7.62,45,64,70.31,577,3,9,6.6,2.4,
MIA,WR,6.3,3.2,7,15.57,59,79,74.68,575,1,4.2,4.5,-0.3,
CLE,WR,6.5,3,11.2,11.25,39,53,73.58,572,4,4.2,3.6,0.6,
CHI,TE,5.8,3.4,8.1,13.72,54,76,71.05,569,6,3.7,4.3,-0.6,
LAR,WR,6.7,3.5,8.6,9.62,40,55,72.73,566,6,7.7,5.8,2,
TB,TE,4.5,2.5,11.1,8.11,34,48,70.83,565,5,6.9,5,1.9,
WAS,TE,6.6,3.3,6.6,13.37,54,84,64.29,558,2,4.5,4.2,0.3,
MIA,WR,6.2,2.4,16.4,29.41,37,64,57.81,553,6,3.7,2.9,0.8,
BAL,TE,5.2,2.9,10.5,11.29,34,50,68,552,3,6.5,5.4,1.1,
CAR,WR,5,2.3,12.7,24.23,44,79,55.7,549,4,1.8,2.2,-0.4,
NE,WR,6.2,4.1,12,15.24,35,55,63.64,532,3,6,6.1,-0.1,
WAS,WR,5.6,2.4,14.3,26.82,44,78,56.41,532,2,3.3,3.1,0.2,
BUF,WR,6.3,2.7,20.6,17.78,26,43,60.47,526,3,6.5,5.6,0.9,
KC,WR,5.5,3.5,8.4,8.76,40,55,72.73,519,3,6.2,5.8,0.4,
DET,WR,4,2.2,15.2,23.65,35,62,56.45,508,5,3.1,2.1,1,
DAL,WR,5.3,2.7,14,23.87,33,68,48.53,507,2,5.5,5,0.5,
HOU,WR,5.4,3.3,14.6,14.93,32,45,71.11,503,4,5.5,4.8,0.6,
NYJ,TE,5.7,3.1,10,12.07,39,56,69.64,502,4,5.1,4.1,1,
CAR,WR,6.7,2.4,12.2,19.15,39,65,60,494,5,2.9,2.5,0.4,
LV,WR,6.1,3.2,8.6,14.92,45,64,70.31,494,2,5.2,4.4,0.8,
JAX,WR,6.6,2.9,9.7,18.32,38,70,54.29,491,1,3.9,4.1,-0.2,
SF,WR,6.5,2.8,9.1,15.5,42,67,62.69,487,4,3.6,3.6,0,
IND,WR,5.7,3.6,6.4,9.33,53,72,73.61,485,2,5.1,5,0.1,
SF,WR,5.4,3.4,11.8,13.61,27,45,60,467,5,7.6,5.4,2.2,
TEN,WR,7.1,3.2,13.2,22.99,37,56,66.07,466,1,4.7,4.2,0.5,
NYJ,WR,6.6,3.1,7.3,10.73,38,68,55.88,450,1,7.7,5.8,1.9,
CAR,WR,6,3.2,5.7,8.18,43,59,72.88,447,1,5,4.9,0.1,
SEA,WR,4.7,2,16.4,22.47,26,53,49.06,445,5,3.7,3.2,0.5,
CIN,TE,5,2.8,7.5,10.8,43,64,67.19,439,3,4.9,4.5,0.4,
NO,WR,5.6,2.2,12.1,14.27,28,44,63.64,427,5,4.2,3.4,0.8,
CHI,WR,5.2,3,11.3,13.71,33,54,61.11,423,7,5.4,4.7,0.7,
LAR,WR,7.5,3,12.9,13.65,29,52,55.77,402,5,4.8,4.2,0.5,
NO,TE,5.2,2.6,9.9,12.16,35,46,76.09,400,2,3,3.2,-0.2,
SF,WR,5.8,3,14.2,15.98,23,44,52.27,395,4,5.9,3.8,2.1,
WAS,WR,6.4,2.9,9.1,10.72,29,49,59.18,388,2,7.6,5,2.6,
GB,WR,5.4,2.9,8.2,8.84,38,61,62.3,383,2,6.5,6,0.5,
KC,WR,5.5,1.7,15.9,21.41,25,67,37.31,380,1,2.8,2,0.8,
NYJ,WR,6.4,2.7,9.3,15.34,37,76,48.68,371,1,3.7,3.2,0.5,
ARI,TE,5.3,2.7,9.8,17.13,34,69,49.28,343,1,3,2.7,0.3,
KC,WR,6.5,3.3,9.5,9.41,32,52,61.54,334,5,4.3,3.4,0.9,
IND,WR,5.7,2.6,9.5,10.05,35,52,67.31,334,1,2.7,3,-0.3,
PHI,TE,5.2,3.3,7.7,7.74,33,44,75,334,4,5.7,5,0.6,
CAR,TE,6,3.4,6.3,7.46,36,49,73.47,333,2,4.4,4.5,0,
LAC,TE,4.4,2.5,8.8,9.81,28,45,62.22,333,2,4.5,4.7,-0.1,
TEN,WR,6.2,3,11.3,16.54,26,47,55.32,316,2,3.4,2.9,0.5,
LAR,TE,6,3.9,6.6,6.56,32,49,65.31,313,3,4.5,4.4,0.1,
MIA,WR,5.1,2.5,11.9,15.66,24,47,51.06,306,1,4.5,4.6,-0.1,
HOU,TE,5.1,3.4,7.9,7.71,24,43,55.81,305,0,6.8,5.7,1.1,
WAS,WR,6.6,3.1,10.5,11.86,28,47,59.57,304,0,3.4,4.3,-0.9,
MIN,WR,6.3,2.9,6,7.05,35,53,66.04,302,1,3.4,2.8,0.6,
TB,TE,5.6,2.9,8.7,6.46,30,49,61.22,289,6,2.1,2.7,-0.6,
SF,WR,5.6,2.8,8.8,10.35,24,46,52.17,286,1,4.7,5.2,-0.5,
DEN,TE,5.7,3.3,5.7,6.26,31,48,64.58,281,2,5,4.3,0.7,
SEA,TE,5.7,3.7,6.1,6.78,29,43,67.44,269,3,5.2,5.3,0,
IND,WR,5.7,2.4,9.6,8.95,27,46,58.7,268,2,3.1,3.7,-0.6,
PIT,WR,5.8,3.5,3.2,2.67,36,44,81.82,253,1,4.1,4.6,-0.5,
DEN,WR,5.3,3.1,8.4,8.83,30,46,65.22,243,2,2.4,3,-0.6,
CIN,WR,5.4,2.2,14,18.36,21,58,36.21,210,7,3.1,3.1,0,
ARI,WR,5.4,1.9,13.2,15.34,17,46,36.96,171,1,0.9,1.8,-0.9,
PIT,WR,4.3,2.6,13.7,41.89,101,163,61.96,1533,9,5.1,4,1.1,
ATL,WR,5.4,2.4,14.4,46,88,148,59.46,1444,3,5.9,4.4,1.5,
LAC,WR,5.5,2.7,9.5,31.63,102,159,64.15,1393,6,5.3,5,0.3,
HOU,WR,4.6,2.1,13.6,43.87,96,174,55.17,1377,13,3.7,3.6,0,
MIN,WR,5.7,2.7,10.8,38.39,91,142,64.08,1276,4,5,4.4,0.5,
NO,WR,5.7,2.6,9.3,41.29,104,148,70.27,1245,5,4.6,4.1,0.5,
KC,WR,7.2,3.5,11.5,29.58,75,105,71.43,1183,7,6.4,6.1,0.3,
ARI,WR,6,2.6,8.2,22.78,109,161,67.7,1156,6,4.1,4.1,0,
DET,WR,4.3,2.2,15.3,35.8,61,107,57.01,1101,9,3.9,2.7,1.2,
NE,TE,4.6,2.3,11.2,22.33,69,105,65.71,1084,8,6,5.3,0.7,
NE,WR,5.2,2.7,15.1,32.86,65,114,57.02,1082,7,3.9,4.4,-0.4,
CIN,WR,4.9,2.4,13.3,46.31,75,143,52.45,1078,8,4.6,3.8,0.9,
KC,TE,6.1,2.9,9.2,27.6,83,122,68.03,1038,8,5.5,4.7,0.8,
TB,WR,5.3,2.1,14.2,31.78,71,136,52.21,1004,5,2.1,2.3,-0.2,
DET,WR,5.9,2.8,5.7,15.02,92,120,76.67,1003,5,7,5.5,1.5,
SEA,WR,5.7,2.8,12.5,26.82,75,116,64.66,991,8,3.7,3.3,0.4,
MIA,WR,5.7,3.2,6.1,20.7,112,161,69.57,987,9,4.8,4.2,0.5,
IND,WR,6.1,2.5,13.1,38.35,57,109,52.29,966,4,5.4,4,1.4,
SF,WR,6.1,2.2,15.1,32.44,56,105,53.33,962,2,3.9,3.1,0.8,
DEN,WR,5,2.3,10,30.17,83,140,59.29,949,5,3.8,3.7,0.1,
NYJ,WR,6.4,3.4,12.8,38.89,63,114,55.26,941,7,5.1,5,0.1,
PIT,WR,6.1,2.7,9.5,14.14,58,79,73.42,917,7,7.2,5,2.2,
GB,WR,5.6,2.8,9.4,27.93,74,117,63.25,885,10,5,4.2,0.8,
LAR,WR,7.4,3.1,9.3,21.25,62,94,65.96,869,5,6,5,1,
MIN,WR,6.6,2.8,11.5,27.38,64,95,67.37,849,8,4.8,3.6,1.2,
MIA,WR,6.2,2.7,14.6,32.38,58,105,55.24,847,6,3.2,2.9,0.2,
CAR,WR,6.6,2.5,12.9,34.74,63,111,56.76,840,8,4.8,4.3,0.5,
DAL,WR,5.1,2.4,11.8,37.81,69,132,52.27,838,6,4.4,3.1,1.3,
PHI,TE,5.1,2.9,7.8,16.22,74,110,67.27,824,8,3.9,4.1,-0.2,
NYJ,WR,5.6,2.8,8.9,24.24,65,102,63.73,810,5,5.1,4.5,0.6,
TEN,TE,6.6,2.6,9.2,23.89,74,111,66.67,807,3,3.7,3.7,0.1,
TEN,WR,6.8,2.6,11.7,23.68,53,87,60.92,795,4,5.2,4,1.2,
WAS,WR,6.5,3.2,7.4,18.15,66,103,64.08,789,3,5.8,5.7,0.1,
PHI,WR,5.1,1.8,14.5,33.07,57,120,47.5,789,9,3.9,2.9,1,
NO,WR,6.9,3.5,12,25.11,53,70,75.71,787,4,5.7,5.4,0.3,
LAR,WR,6.5,3,10.8,22.34,56,85,65.88,781,5,5.5,5.2,0.2,
PHI,WR,5.8,3,10.2,18.38,62,95,65.26,768,8,5.3,4.1,1.2,
BAL,WR,6.2,2.6,13,32.26,52,92,56.52,748,4,3.6,3.7,-0.1,
JAX,WR,6,2.5,12.7,26.28,42,83,50.6,748,3,7.5,5.7,1.8,
NYG,WR,5.2,2.4,8.8,16.92,59,84,70.24,731,2,5.5,3.5,2,
LAC,WR,5.9,3.1,13.5,19.56,43,69,62.32,728,4,8.2,6.7,1.4,
NYG,TE,5.9,2.6,8.6,22.58,64,115,55.65,722,6,5,4.5,0.5,
SEA,WR,5.9,2.4,15.1,22.29,44,80,55,703,6,3.3,2.8,0.5,
ATL,WR,5.1,2.7,7.6,15.79,67,96,69.79,703,5,4.1,3.6,0.4,
JAX,WR,5.8,2.7,10.9,26.12,56,96,58.33,702,3,5.4,4.5,0.8,
BUF,WR,5.5,2,11.5,21.79,48,78,61.54,692,3,3.3,2.8,0.4,
IND,TE,5.2,3.4,4.9,14.13,80,108,74.07,690,4,4.5,4.7,-0.2,
LV,TE,5,2.8,9,17.1,54,86,62.79,688,2,4.5,4.4,0,
LV,WR,4.5,2.6,11.3,24.02,48,96,50,680,7,6.6,5.6,1,
MIA,WR,5.2,2.3,12.3,24.87,57,96,59.38,670,1,4,3.5,0.5,
TB,WR,7.2,2.7,15.8,23.41,50,90,55.56,668,3,4,4.3,-0.4,
NE,WR,5.8,2.9,8,13.15,61,86,70.93,659,2,3.7,4.1,-0.5,
GB,WR,6,3.7,5.8,13.39,66,92,71.74,653,4,6.7,5.9,0.8,
WAS,TE,5.7,3.3,10.6,17.35,43,69,62.32,648,3,7.4,6.1,1.3,
TB,WR,6.9,3.4,6.6,8.98,61,83,73.49,631,1,5,4.9,0.2,
LV,WR,5,2.2,10.7,23.9,58,101,57.43,618,8,3.5,3,0.5,
CHI,WR,6.9,3,7.6,19.79,59,91,64.84,614,1,3.7,4,-0.3,
PIT,WR,6.6,3.1,14,22.06,50,84,59.52,603,3,4,3.9,0.1,
LAR,WR,4.8,2.5,14.4,24.67,39,70,55.71,593,8,5.2,4.5,0.7,
TB,TE,5.6,2.7,9.3,11.87,48,77,62.34,591,6,3.7,3.7,0,
LAC,TE,5.5,3,9.3,12.12,45,62,72.58,579,4,4.9,4.2,0.7,
DET,TE,6.3,3.3,7.6,14.39,53,86,61.63,574,4,5.1,4.4,0.7,
WAS,WR,7,2.9,9.8,15.08,45,65,69.23,573,4,5.3,4.6,0.8,
DAL,WR,6.3,3.1,9.1,17.21,53,78,67.95,568,0,4.4,5.3,-0.9,
LAC,WR,7.3,3.5,15.3,20.87,34,65,52.31,567,4,6.2,5.4,0.8,
TEN,WR,6,2.6,9.7,18.77,54,83,65.06,563,1,2.6,3.2,-0.5,
DAL,TE,4.8,2.5,7.4,15.67,63,87,72.41,560,5,1.8,2.2,-0.4,
BUF,TE,5.7,3.1,6.7,12.33,49,74,66.22,558,2,5.8,5.3,0.4,
BUF,WR,5.8,2.5,15.1,25.8,38,69,55.07,557,2,3,3.4,-0.5,
SEA,WR,7,2.9,12.7,16.65,45,71,63.38,555,2,4.3,4.1,0.2,
DEN,WR,5.5,2.4,10.6,21.06,47,92,51.09,555,2,4,3.1,0.9,
KC,WR,6.7,4.1,5.7,8.74,42,62,67.74,554,3,8,7.1,0.9,
CIN,WR,6.3,2.7,8.4,18.19,52,89,58.43,548,3,5.1,4.7,0.4,
MIN,TE,4.9,3,7.5,15.2,57,81,70.37,532,8,4.2,4.2,0,
ATL,TE,5.2,3.7,6.3,8.76,49,65,75.38,526,3,5.7,5,0.7,
TB,WR,6.5,2.2,12.3,11.19,34,55,61.82,525,1,5.5,3.1,2.4,
BAL,TE,5.9,3.3,5.1,10.79,61,79,77.22,522,4,4.6,4.9,-0.3,
SEA,TE,5.8,2.5,8,14.13,57,96,59.38,520,10,4,3.6,0.4,
SF,TE,5.1,3,7.1,9.13,43,63,68.25,515,2,6.6,5.2,1.5,
ARI,WR,6.3,2.3,18.1,19.18,29,61,47.54,508,2,2.4,2.9,-0.5,
WAS,WR,5,2.2,14.2,26.38,35,78,44.87,502,6,4,3.4,0.6,
SF,WR,6.2,2.7,9.6,13.1,40,67,59.7,500,0,4.8,4.4,0.4,
JAX,WR,5.6,2.5,9.8,13.66,39,56,69.64,484,2,4.9,4.6,0.2,
GB,WR,6,2.7,10.8,24.07,53,88,60.23,482,6,2.5,3,-0.5,
ARI,WR,6.6,2.4,15.3,18.32,31,69,44.93,477,4,3.3,3.3,0,
DET,WR,5.7,2.2,14.8,15.53,28,48,58.33,477,3,7,5.4,1.6,
LV,WR,5.5,2.7,9.4,13.63,43,65,66.15,455,1,2.9,3.1,-0.2,
BAL,WR,5.7,2.3,9.6,18.6,40,72,55.56,440,3,3.1,3,0,
NE,WR,5.9,2.7,13.2,14.81,34,59,57.63,439,5,5.3,5.8,-0.4,
CAR,TE,5.8,3.9,9.6,11.21,30,48,62.5,437,1,7.1,6.3,0.7,
PHI,WR,7.4,2.3,12.7,16.36,36,68,52.94,430,2,3.8,4.2,-0.4,
SF,WR,6.2,2.7,6.4,7.8,43,60,71.67,430,2,4.9,4.8,0.1,
HOU,WR,5.7,2.7,15.6,14.48,28,50,56,423,7,3.9,4.3,-0.4,
NYG,WR,5.8,2.1,10.4,17.16,36,72,50,416,2,2.4,2.4,0,
CIN,TE,5.4,2.9,7.8,11.82,42,62,67.74,404,7,4.9,4,0.9,
DET,WR,5.8,2.8,11,11.84,30,49,61.22,399,1,2.8,2.5,0.3,
CLE,TE,5.6,2.9,8.7,9.44,33,58,56.9,395,1,5.3,5.5,-0.2,
IND,WR,5.6,2.2,14.1,17.79,26,47,55.32,391,2,3.2,3.1,0.1,
MIA,TE,4.7,3.2,7.5,9.76,41,62,66.13,388,3,4,4.6,-0.6,
CLE,TE,5,2.6,9.7,10.88,32,60,53.33,386,4,5.3,3.9,1.3,
ATL,WR,7.3,3,10,10.96,33,51,64.71,378,1,6.9,5.8,1,
CHI,WR,6.2,2.8,13,17.22,24,46,52.17,376,1,5,4.1,0.9,
TEN,WR,6.1,2.7,11.4,17.28,34,65,52.31,375,0,3.2,3.2,0,
PIT,TE,6.1,3.3,6.8,8.08,43,63,68.25,372,3,4.6,4.4,0.2,
CLE,WR,6.5,2.4,13.8,15.66,27,61,44.26,357,0,3.6,4,-0.4,
NYJ,TE,5.9,2.9,6.5,12.75,50,74,67.57,357,3,2.7,3.3,-0.6,
DEN,WR,6,2.5,10.5,12.62,29,56,51.79,350,3,4,3.1,0.9,
CHI,WR,6.3,2,13.1,16.56,25,44,56.82,344,1,1.9,2.3,-0.5,
HOU,TE,5,2.3,9.8,9.48,25,52,48.08,342,1,4.3,4.7,-0.4,
JAX,WR,6.2,3,11.1,14.08,27,51,52.94,339,1,4.4,3.8,0.5,
HOU,WR,6.7,2.9,9.8,10.35,29,57,50.88,330,2,4.5,4.8,-0.3,
ARI,TE,6.2,2.9,5.9,4.74,33,46,71.74,322,2,4.7,4,0.8,
JAX,TE,4.9,3.3,8.4,10.04,24,48,50,318,5,7.1,6.8,0.3,
BUF,WR,5.3,2.7,13,23.83,27,74,36.49,316,2,2.9,2.9,0,
LAC,TE,4.7,2.6,8.6,9.36,30,52,57.69,316,3,3.2,3,0.2,
DAL,WR,6.3,2.4,7.7,11.72,36,63,57.14,314,4,3.4,3.3,0.1,
CLE,WR,4.8,3,9.7,9.05,27,50,54,312,2,5.3,4.1,1.2,
CLE,WR,5.3,2.3,14.7,15.86,23,58,39.66,305,2,1.4,2.2,-0.8,
ARI,WR,5.7,2.4,15.7,14.93,21,55,38.18,299,3,3,3.2,-0.2,
LAR,TE,6.2,2.6,10,10.96,25,45,55.56,295,1,3.6,2.5,1.1,
NE,TE,5.9,3.1,5.5,6.07,30,44,68.18,286,0,6,4.6,1.5,
SF,WR,6.9,2.7,12.2,12,19,48,39.58,260,2,2.2,2.6,-0.4,
NE,WR,5.7,2.3,12.1,9.73,20,43,46.51,256,2,4.2,2.9,1.3,
IND,WR,5,2.1,10.1,11.92,15,44,34.09,133,0,3.2,3.6,-0.3,
IND,WR,5.7,2.6,13.3,39.32,91,155,58.71,1448,6,3.6,4.4,-0.9,
ATL,WR,5,2.2,14.5,38.78,83,129,64.34,1409,6,4.8,5.2,-0.3,
NYG,WR,5.2,2.8,11.4,39.16,101,169,59.76,1367,10,5.2,4.6,0.6,
TB,WR,5.8,2.2,15.5,44.01,96,173,55.49,1321,12,1.9,2.4,-0.5,
PIT,WR,5,2.9,11.1,30.44,106,154,68.83,1284,12,3.8,4.6,-0.7,
GB,WR,5.8,2.7,13,34.56,97,152,63.82,1257,14,3.7,3.6,0.1,
NO,WR,7.1,2.8,13.4,30.87,78,117,66.67,1173,8,4.6,4.1,0.5,
LV,WR,4.6,2.6,10.1,27,83,132,62.88,1153,5,5.5,5.4,0.1,
NO,WR,4.8,2.4,8.4,20.03,92,121,76.03,1137,9,5,4.6,0.3,
MIA,WR,5.8,2.9,6.5,21.64,94,131,71.76,1136,4,6.5,4.8,1.8,
SEA,WR,6.6,3.1,9.4,22.93,94,125,75.2,1128,7,4.9,5.1,-0.2,
KC,TE,5.9,3,7,20.8,85,117,72.65,1125,4,7.8,6.6,1.2,
NE,WR,6.4,2.7,9.5,33.83,98,159,61.64,1106,3,4.9,4.7,0.2,
DEN,WR,4.7,2.1,11.1,29.56,90,144,62.5,1083,5,3.4,3.5,-0.1,
DET,WR,5.5,2.7,8.4,23.96,91,135,67.41,1077,4,6.6,5.7,0.9,
CAR,TE,5.5,2.8,11.5,24.32,80,129,62.02,1073,3,4.3,5.1,-0.8,
LAC,WR,5.7,2.5,12.2,28.34,69,119,57.98,1059,7,6.7,7.4,-0.7,
WAS,WR,5.1,2.7,10.9,21.67,79,114,69.3,1041,3,4.3,4.1,0.2,
DEN,WR,5.8,2.6,13.3,33.75,79,137,57.66,1032,5,3,3.4,-0.4,
ARI,WR,6.5,2.4,8,18.06,107,150,71.33,1023,6,3.4,3.6,-0.2,
BAL,WR,5.8,2.7,12.5,27.64,72,116,62.07,1017,4,5.8,5.2,0.6,
CLE,WR,5.6,2.8,14.7,40.1,77,140,55,1007,4,2.4,3.3,-1,
WAS,WR,7.3,2.9,16,28.09,56,100,56,1005,4,4.9,5.1,-0.2,
LV,WR,6,2.3,11.6,33.82,89,145,61.38,1003,8,2.9,2.9,-0.1,
LAR,WR,4.9,2.3,12.7,33.05,68,111,61.26,1002,5,4.1,4.2,0,
GB,WR,4.6,2.9,12.3,26.03,75,121,61.98,997,12,5.4,5.3,0.1,
MIN,WR,5.3,2.8,11,24.71,69,92,75,967,5,4.4,5.1,-0.8,
CIN,WR,4.8,2.5,13.4,27.83,66,100,66,964,4,4,4.8,-0.8,
HOU,WR,4.3,2.3,12.7,35.17,78,151,51.66,954,4,3,2.7,0.3,
TEN,WR,7.1,2.2,13.5,29.93,65,108,60.19,945,9,3.9,4,-0.1,
CAR,WR,5.7,1.8,12.7,24.7,63,118,53.39,941,7,3.5,3.8,-0.3,
DET,WR,3.8,2,14.7,31.96,55,103,53.4,930,4,4.3,3.8,0.5,
SEA,TE,5.8,2.7,10.2,18.97,65,95,68.42,923,6,4.9,5.4,-0.4,
MIN,WR,5.5,2.8,9.1,24.84,84,112,75,896,3,3.5,3.8,-0.3,
NO,WR,6.2,3.1,7.4,15.13,72,104,69.23,895,4,5.5,5.9,-0.4,
CHI,WR,5.7,2.4,10.4,19.15,66,97,68.04,888,4,4.3,3.7,0.7,
JAX,WR,4.6,1.9,14.1,38.96,73,151,48.34,883,6,2.8,3.9,-1.1,
CIN,WR,5.7,2.7,10.9,24.33,64,107,59.81,862,6,5.2,4.9,0.2,
NYJ,WR,6.5,2.4,9.7,19.33,58,105,55.24,857,4,6.2,5.8,0.4,
JAX,WR,6.3,2.6,11.9,22.8,63,105,60,851,3,5.5,5.4,0.1,
WAS,WR,6.7,3.6,8.7,15.01,67,99,67.68,847,7,5.6,5.7,-0.1,
MIN,TE,6.3,2.9,7.3,23.43,83,132,62.88,840,7,4.4,5.3,-0.9,
DAL,WR,6.7,3.4,6.8,15.97,75,98,76.53,833,5,5,5.2,-0.2,
CHI,WR,4.9,2.2,14.1,25.16,52,94,55.32,821,2,3.7,3.5,0.2,
PHI,TE,6.3,3.2,8.4,18.38,78,106,73.58,816,4,3.4,4,-0.6,
LAC,WR,6.2,2.8,11.4,21.63,58,97,59.79,810,4,3.7,4.5,-0.8,
PHI,WR,5.4,2.8,10.7,25.82,73,117,62.39,804,3,3.2,4.5,-1.3,
TEN,TE,6.4,2.9,10.1,21.08,65,102,63.73,800,7,4,4.1,-0.1,
BAL,WR,6.5,2.7,9.1,17.49,70,101,69.31,799,5,3.8,3.2,0.7,
DAL,WR,5.2,1.8,15.5,35.41,50,96,52.08,796,8,2.7,3.5,-0.8,
NYJ,WR,4.4,2.2,13.6,33.23,59,128,46.09,788,3,3,4.7,-1.8,
CAR,WR,6.8,3,13.4,20.93,54,95,56.84,752,4,3.4,4.1,-0.6,
MIA,WR,4.9,2.3,12.5,27.76,56,87,64.37,744,4,4.3,4.4,-0.1,
BAL,TE,5.7,2.9,6.4,14.81,86,121,71.07,729,2,3.5,4.1,-0.6,
MIA,WR,6.5,2.5,15.3,31.58,42,81,51.85,726,9,4.2,4,0.2,
DET,TE,5.8,2.6,8.4,15.17,61,85,71.76,711,1,4.2,4.7,-0.5,
NE,TE,6.2,3.8,6,9.79,55,73,75.34,701,7,7.6,6.6,1.1,
WAS,TE,5.6,3.3,8.2,12.8,66,89,74.16,686,6,3.8,4,-0.2,
NYG,WR,5.3,2.7,9.3,19.99,65,105,61.9,683,8,4.2,4.8,-0.6,
NE,WR,5.2,3.2,13.7,17.78,38,58,65.52,680,4,6.7,5.9,0.8,
LAC,WR,7.6,3,13.3,19.54,47,75,62.67,677,4,5.7,5,0.7,
DAL,TE,5.6,3,6.9,15.69,69,95,72.63,673,3,3.4,3.7,-0.3,
SF,WR,6.5,3.1,9.2,24.8,64,115,55.65,667,3,3.2,4.8,-1.7,
TB,TE,5.3,2.5,10.2,13.55,57,81,70.37,660,8,2.6,3.4,-0.8,
ATL,WR,5.7,2.9,8.6,14.5,59,81,72.84,653,4,4.9,5.7,-0.8,
NO,TE,5.4,2.5,9.9,15.81,50,81,61.73,631,3,4.1,4.8,-0.7,
HOU,WR,6,2.5,16.3,27.55,47,92,51.09,630,2,4.4,3.8,0.6,
TB,WR,6.5,3.4,5.7,7.79,55,83,66.27,622,2,7.2,6.4,0.8,
BUF,WR,6.2,3.5,11.2,18.05,51,76,67.11,613,1,2.7,3.6,-0.9,
CLE,TE,5.2,2.7,7.7,12.26,55,82,67.07,612,2,3.7,4.4,-0.7,
GB,WR,5.4,3.4,7.5,10.94,60,84,71.43,610,4,5.8,5.2,0.6,
CIN,WR,5.7,2.8,9.3,15.62,54,81,66.67,603,1,3.8,4.8,-1,
KC,WR,7.8,3.5,7.9,16.71,61,83,73.49,599,6,4.7,5.3,-0.7,
SEA,WR,6.8,3.4,10.8,13.85,41,66,62.12,597,1,5.3,5.6,-0.2,
DAL,WR,6.2,2.7,12.3,17.93,44,61,72.13,594,4,3.5,3.9,-0.3,
PIT,WR,5.7,3,9.7,11.42,48,66,72.73,594,3,4.5,6.4,-1.9,
NYJ,WR,5.8,2.7,17,25.33,42,78,53.85,587,2,2.6,3.2,-0.7,
NYG,WR,5.9,2.3,12.1,17.73,39,72,54.17,586,1,5,4.4,0.7,
IND,TE,5.3,3.3,6.8,9.78,59,75,78.67,584,5,4.1,4.8,-0.6,
DET,WR,5.2,2.4,6.7,13.52,67,95,70.53,584,8,3.1,3.5,-0.3,
WAS,TE,6.3,3.2,9.7,10.05,44,59,74.58,581,2,5.2,5.9,-0.6,
ATL,WR,7.1,3.2,11.2,11.64,35,50,70,579,6,7.9,6.4,1.5,
ARI,WR,5.9,2.9,18.3,20.38,34,74,45.95,568,6,4.8,3.6,1.2,
LAR,WR,6.5,2.2,12.3,22.14,41,77,53.25,564,3,4,2.9,1.1,
HOU,TE,5.4,2.3,7.3,11.97,54,89,60.67,559,4,3.8,4,-0.2,
BUF,TE,5.9,3,8.4,15.51,57,87,65.52,552,4,3.3,4.2,-0.9,
LAC,TE,6,2.8,8.8,15.99,53,93,56.99,548,7,3.6,4,-0.4,
KC,WR,6.1,2.4,11.5,22.3,44,76,57.89,536,2,3.1,4.1,-1,
KC,WR,7.1,2.9,10.6,18.68,44,69,63.77,530,0,3,4,-1,
IND,WR,7.1,2.9,13.8,15.61,33,59,55.93,528,2,4.3,4.7,-0.3,
TEN,WR,6.4,2.1,13.8,23.42,41,83,49.4,522,2,2.1,2.5,-0.4,
ARI,WR,6,3,14.8,16.26,39,73,53.42,517,2,2.5,3,-0.4,
SEA,WR,5.6,2.4,13.2,22.99,41,89,46.07,510,1,3.3,4.2,-0.9,
LAR,WR,7,3.2,7.5,18.75,58,106,54.72,509,3,4.6,4.7,-0.2,
BAL,WR,5.7,2.4,14.9,18.67,33,66,50,499,3,5.2,4.6,0.6,
LAR,TE,5.5,2.6,5.4,10.98,50,87,57.47,499,2,5.2,5.1,0.1,
NE,WR,5.8,2.4,15.6,17.82,37,76,48.68,488,5,1.7,3.2,-1.5,
CHI,TE,5.3,2.9,6.8,8.24,47,64,73.44,486,4,4.7,4.4,0.2,
LAC,TE,4.8,2.8,9.5,9.88,36,53,67.92,478,8,5.6,4.6,1,
JAX,WR,6.5,2.5,10.8,14.98,35,76,46.05,477,3,6,6.2,-0.2,
MIN,WR,7.5,3.2,5.6,9.53,52,70,74.29,453,2,6.3,5.6,0.7,
HOU,TE,5.1,3,7.2,9.71,50,74,67.57,442,2,3,4,-1,
PIT,WR,6.8,2.5,22,19.28,21,49,42.86,435,2,5.7,6.3,-0.5,
BUF,WR,5.6,2.5,15.1,16.64,28,52,53.85,430,2,1.1,3,-1.9,
TEN,WR,6.1,2.9,10.7,9.41,29,43,67.44,416,3,4.3,4.3,0,
BUF,WR,6.5,2.8,15.8,22.87,29,68,42.65,413,3,2.3,2.3,0.1,
CLE,WR,5.6,2.8,15.2,21.65,33,73,45.21,413,3,2.8,3.2,-0.4,
SF,WR,6.4,3.2,9.9,14.68,37,63,58.73,408,0,5.4,5.6,-0.2,
IND,TE,5.2,3,9.4,9.35,35,52,67.31,406,6,3.4,4.3,-0.9,
NE,WR,5.2,2.6,11.1,11.97,32,48,66.67,401,4,5.1,4,1.1,
LV,WR,4.7,2.5,9.3,14.5,38,77,49.35,397,5,5.3,4.6,0.7,
NYG,TE,6,3.1,6.3,9.02,48,70,68.57,395,1,3.9,4.7,-0.8,
CIN,TE,5.4,2.6,9.2,8.99,29,47,61.7,394,5,5.1,5.8,-0.7,
PHI,WR,6.1,2.6,10.7,16.33,36,74,48.65,392,2,4,4.5,-0.5,
SF,TE,5.6,2.5,10.5,11.14,24,45,53.33,391,4,8.7,6.5,2.3,
ARI,TE,5.5,3,8.2,7.52,37,61,60.66,391,2,3.8,3.5,0.3,
GB,TE,4.9,2.9,10.6,9.43,30,51,58.82,377,1,4.9,5.8,-0.9,
CAR,WR,6.2,2,14.9,14.24,23,58,39.66,371,4,4.4,3.7,0.7,
CHI,WR,6,3.4,6.3,5.11,33,43,76.74,369,2,5.8,4.8,1,
PHI,WR,6.2,2.3,11.4,16.26,36,69,52.17,365,2,3,3.3,-0.3,
LV,TE,5,3.6,9.1,9.55,33,52,63.46,359,3,4,5.3,-1.3,
SF,TE,4.9,2.6,9.6,11.27,29,50,58,350,3,4.2,4.3,-0.1,
PIT,TE,5.3,3.5,7.1,7.57,39,60,65,338,3,3.4,4,-0.6,
BAL,WR,5.2,3.4,12.1,11.54,29,50,58,328,1,3.5,4.7,-1.1,
PHI,TE,5.8,3.2,7.8,9.6,37,60,61.67,327,1,3.5,4,-0.5,
CLE,WR,5.1,3,8.6,9.04,33,54,61.11,324,3,3.9,3.6,0.3,
IND,WR,5.7,2.4,11.1,11.85,30,56,53.57,307,7,2.5,2.7,-0.1,
JAX,TE,5.9,2.8,7.5,7,30,51,58.82,281,4,3.4,5,-1.6,
KC,WR,7.2,3.5,7.7,10.08,31,51,60.78,279,2,5.2,5.2,0,
GB,TE,7.6,2.7,8.4,6.88,30,47,63.83,271,2,3.3,3.3,0.1,
CAR,WR,6.2,3.2,10.1,8.8,27,53,50.94,271,1,4.3,5.1,-0.9,
SF,WR,6.3,2.3,13.8,15.94,20,49,40.82,267,3,2.8,3.8,-1,
